分割タイプ１,分割タイプ２,分割タイプ３,品詞
俺,名詞,代名詞,一般,*,*,*,俺,オレ,オレ
は,助詞,係助詞,*,*,*,*,は,ハ,ワ
東京,名詞,固有名詞,地域,一般,*,*,東京,トウキョウ,トーキョー
生まれ,名詞,一般,*,*,*,*,生まれ,ウマレ,ウマレ
ヒップホップ,名詞,固有名詞,一般,*,*,*,HIPHOP,ヒップホップ,ヒップホップ
育ち,動詞,自立,*,*,五段・タ行,連用形,育つ,ソダチ,ソダチ
悪,形容詞,自立,*,*,形容詞・アウオ段,ガル接続,悪い,ワル,ワル
そう,名詞,接尾,助動詞語幹,*,*,*,そう,ソウ,ソー
な,助動詞,*,*,*,特殊・ダ,体言接続,だ,ナ,ナ
奴,名詞,代名詞,一般,*,*,*,奴,ヤツ,ヤツ
は,助詞,係助詞,*,*,*,*,は,ハ,ワ
大体,名詞,副詞可能,*,*,*,*,大体,ダイタイ,ダイタイ
トモダチ,名詞,固有名詞,人名,一般,*,*,トモダチ,トモダチ,トモダチ
桜,名詞,一般,*,*,*,*,桜,サクラ,サクラ
舞い,動詞,自立,*,*,五段・ワ行促音便,連用形,舞う,マイ,マイ
散る,動詞,自立,*,*,五段・ラ行,基本形,散る,チル,チル
中,名詞,非自立,副詞可能,*,*,*,中,ナカ,ナカ
に,助詞,格助詞,一般,*,*,*,に,ニ,ニ
忘れ,動詞,自立,*,*,一段,連用形,忘れる,ワスレ,ワスレ
た,助動詞,*,*,*,特殊・タ,基本形,た,タ,タ
記憶,名詞,サ変接続,*,*,*,*,記憶,キオク,キオク
と,助詞,並立助詞,*,*,*,*,と,ト,ト
君の声,名詞,固有名詞,一般,*,*,*,君の声,キミノコエ,キミノコエ
が,助詞,格助詞,一般,*,*,*,が,ガ,ガ
戻っ,動詞,自立,*,*,五段・ラ行,連用タ接続,戻る,モドッ,モドッ
て,助詞,接続助詞,*,*,*,*,て,テ,テ
くる,動詞,非自立,*,*,カ変・クル,基本形,くる,クル,クル
ダンス,名詞,サ変接続,*,*,*,*,ダンス,ダンス,ダンス
フロアー,名詞,一般,*,*,*,*,フロアー,フロアー,フロアー
に,助詞,格助詞,一般,*,*,*,に,ニ,ニ
華やか,名詞,形容動詞語幹,*,*,*,*,華やか,ハナヤカ,ハナヤカ
な,助動詞,*,*,*,特殊・ダ,体言接続,だ,ナ,ナ
光,名詞,一般,*,*,*,*,光,ヒカリ,ヒカリ
僕,名詞,代名詞,一般,*,*,*,僕,ボク,ボク
を,助詞,格助詞,一般,*,*,*,を,ヲ,ヲ
そっと,副詞,一般,*,*,*,*,そっと,ソット,ソット
包む,動詞,自立,*,*,五段・マ行,基本形,包む,ツツム,ツツム
よ,名詞,非自立,助動詞語幹,*,*,*,よ,ヨ,ヨ
な,助動詞,*,*,*,特殊・ダ,体言接続,だ,ナ,ナ
ハーモニー,名詞,一般,*,*,*,*,ハーモニー,ハーモニー,ハーモニー
じき,名詞,副詞可能,*,*,*,*,じき,ジキ,ジキ
に,助詞,格助詞,一般,*,*,*,に,ニ,ニ
いきり立っ,動詞,自立,*,*,五段・タ行,連用タ接続,いきり立つ,イキリタッ,イキリタッ
た,助動詞,*,*,*,特殊・タ,基本形,た,タ,タ
下,名詞,一般,*,*,*,*,下,シタ,シタ
の,助詞,連体化,*,*,*,*,の,ノ,ノ
パッド,名詞,一般,*,*,*,*,パッド,パッド,パッド
見切り,名詞,一般,*,*,*,*,見切り,ミキリ,ミキリ
発車,名詞,サ変接続,*,*,*,*,発車,ハッシャ,ハッシャ
敵,名詞,一般,*,*,*,*,敵,テキ,テキ
に,助詞,格助詞,一般,*,*,*,に,ニ,ニ
まわす,動詞,自立,*,*,五段・サ行,基本形,まわす,マワス,マワス
な,助詞,終助詞,*,*,*,*,な,ナ,ナ
夜,名詞,副詞可能,*,*,*,*,夜,ヨル,ヨル
の,助詞,連体化,*,*,*,*,の,ノ,ノ
モン,名詞,固有名詞,一般,*,*,*,モン,モン,モン
、,記号,読点,*,*,*,*,、,、,、
スジ,名詞,一般,*,*,*,*,スジ,スジ,スジ
の,助詞,連体化,*,*,*,*,の,ノ,ノ
モン,名詞,固有名詞,一般,*,*,*,モン,モン,モン
、,記号,読点,*,*,*,*,、,、,、
黙れ,動詞,自立,*,*,五段・ラ行,命令ｅ,黙る,ダマレ,ダマレ
見せろ,動詞,自立,*,*,一段,命令ｒｏ,見せる,ミセロ,ミセロ
菊,名詞,一般,*,*,*,*,菊,キク,キク
の,助詞,連体化,*,*,*,*,の,ノ,ノ
門,名詞,一般,*,*,*,*,門,モン,モン
チェキラ,名詞,固有名詞,一般,*,*,*,チェキラ,チェキラ,チェキラ
フォトショップ,名詞,固有名詞,一般,*,*,*,Photoshop,フォトショップ,フォトショップ
って,助詞,格助詞,連語,*,*,*,って,ッテ,ッテ
全然,副詞,助詞類接続,*,*,*,*,全然,ゼンゼン,ゼンゼン
ちゃう,名詞,一般,*,*,*,*,茶宇,チャウ,チャウ
や,助詞,並立助詞,*,*,*,*,や,ヤ,ヤ
ないか,名詞,一般,*,*,*,*,内科,ナイカ,ナイカ
デブ,名詞,形容動詞語幹,*,*,*,*,デブ,デブ,デブ
と,助詞,並立助詞,*,*,*,*,と,ト,ト
ブス,名詞,一般,*,*,*,*,ブス,ブス,ブス
は,助詞,係助詞,*,*,*,*,は,ハ,ワ
スキル,名詞,一般,*,*,*,*,スキル,スキル,スキル
ぐらい,助詞,副助詞,*,*,*,*,ぐらい,グライ,グライ
磨い,動詞,自立,*,*,五段・カ行イ音便,連用タ接続,磨く,ミガイ,ミガイ
て,助詞,接続助詞,*,*,*,*,て,テ,テ
こい,動詞,非自立,*,*,カ変・クル,命令ｉ,くる,コイ,コイ
よ,助詞,終助詞,*,*,*,*,よ,ヨ,ヨ
馬鹿,名詞,形容動詞語幹,*,*,*,*,馬鹿,バカ,バカ
！,記号,一般,*,*,*,*,！,！,！
！,記号,一般,*,*,*,*,！,！,！
倍速,名詞,一般,*,*,*,*,倍速,バイソク,バイソク
感染,名詞,サ変接続,*,*,*,*,感染,カンセン,カンセン
梅毒,名詞,一般,*,*,*,*,梅毒,バイドク,バイドク
で,助詞,格助詞,一般,*,*,*,で,デ,デ
金,名詞,一般,*,*,*,*,金,キン,キン
2倍,名詞,固有名詞,一般,*,*,*,2倍,ニバイ,ニバイ
飛ぶ,動詞,自立,*,*,五段・バ行,基本形,飛ぶ,トブ,トブ
その,連体詞,*,*,*,*,*,その,ソノ,ソノ
バイト,名詞,一般,*,*,*,*,バイト,バイト,バイト
君,名詞,接尾,人名,*,*,*,君,クン,クン
便器,名詞,一般,*,*,*,*,便器,ベンキ,ベンキ
に,助詞,格助詞,一般,*,*,*,に,ニ,ニ
クソ,接頭詞,形容詞接続,*,*,*,*,クソ,クソ,クソ
文字,名詞,一般,*,*,*,*,文字,モジ,モジ
で,助詞,格助詞,一般,*,*,*,で,デ,デ
かく,副詞,一般,*,*,*,*,かく,カク,カク
描く,動詞,自立,*,*,五段・カ行イ音便,基本形,描く,エガク,エガク
ジャカルタ,名詞,固有名詞,地域,一般,*,*,ジャカルタ,ジャカルタ,ジャカルタ
の,助詞,連体化,*,*,*,*,の,ノ,ノ
便器,名詞,一般,*,*,*,*,便器,ベンキ,ベンキ
に,助詞,格助詞,一般,*,*,*,に,ニ,ニ
○,記号,一般,*,*,*,*,○,○,○
タ,名詞,一般,*,*,*,*,*
と,助詞,格助詞,引用,*,*,*,と,ト,ト
書く,動詞,自立,*,*,五段・カ行イ音便,基本形,書く,カク,カク
ビーサン,名詞,固有名詞,一般,*,*,*,ビーサン,ビーサン,ビーサン
はく,名詞,一般,*,*,*,*,はく,ハク,ハク
ジー,名詞,一般,*,*,*,*,*
さん,名詞,接尾,人名,*,*,*,さん,サン,サン
大胆,名詞,形容動詞語幹,*,*,*,*,大胆,ダイタン,ダイタン
海パン,名詞,固有名詞,一般,*,*,*,海パン,カイパン,カイパン
小さく,形容詞,自立,*,*,形容詞・アウオ段,連用テ接続,小さい,チイサク,チーサク
なる,動詞,自立,*,*,五段・ラ行,基本形,なる,ナル,ナル
と,助詞,格助詞,引用,*,*,*,と,ト,ト
言い,動詞,自立,*,*,五段・ワ行促音便,連用形,言う,イイ,イイ
たく,助動詞,*,*,*,特殊・タイ,連用テ接続,たい,タク,タク
なる,動詞,自立,*,*,五段・ラ行,基本形,なる,ナル,ナル
｢,記号,一般,*,*,*,*,*
どれ,名詞,代名詞,一般,*,*,*,どれ,ドレ,ドレ
くらい,助詞,副助詞,*,*,*,*,くらい,クライ,クライ
の,助詞,連体化,*,*,*,*,の,ノ,ノ
モレ,名詞,固有名詞,一般,*,*,*,モレ,モレ,モレ
具合い,名詞,一般,*,*,*,*,具合い,グアイ,グアイ
?｣,記号,一般,*,*,*,*,*
って,助詞,格助詞,連語,*,*,*,って,ッテ,ッテ
盛り上がる,動詞,自立,*,*,五段・ラ行,基本形,盛り上がる,モリアガル,モリアガル
の,助詞,連体化,*,*,*,*,の,ノ,ノ
俺,名詞,代名詞,一般,*,*,*,俺,オレ,オレ
ぐらい,助詞,副助詞,*,*,*,*,ぐらい,グライ,グライ
WAKE,名詞,一般,*,*,*,*,*
UP,名詞,一般,*,*,*,*,*
!,記号,一般,*,*,*,*,*
MY,名詞,固有名詞,人名,一般,*,*,MY,マイ,マイ
ドラ息子,名詞,一般,*,*,*,*,どら息子,ドラムスコ,ドラムスコ
名前,名詞,一般,*,*,*,*,名前,ナマエ,ナマエ
は,助詞,係助詞,*,*,*,*,は,ハ,ワ
ジミー,名詞,固有名詞,人名,名,*,*,ジミー,ジミー,ジミー
夢見,名詞,一般,*,*,*,*,夢見,ユメミ,ユメミ
がち,名詞,接尾,形容動詞語幹,*,*,*,がち,ガチ,ガチ
テント,名詞,一般,*,*,*,*,テント,テント,テント
で,助詞,格助詞,一般,*,*,*,で,デ,デ
目,名詞,一般,*,*,*,*,目,メ,メ
を,助詞,格助詞,一般,*,*,*,を,ヲ,ヲ
覚ます,動詞,自立,*,*,五段・サ行,基本形,覚ます,サマス,サマス
日々,名詞,副詞可能,*,*,*,*,日々,ヒビ,ヒビ
「,記号,括弧開,*,*,*,*,「,「,「
ビシッ,副詞,一般,*,*,*,*,ビシッ,ビシッ,ビシッ
」,記号,括弧閉,*,*,*,*,」,」,」
と,助詞,並立助詞,*,*,*,*,と,ト,ト
一本,名詞,固有名詞,地域,一般,*,*,一本,イッポン,イッポン
筋,名詞,接尾,一般,*,*,*,筋,スジ,スジ
通っ,動詞,自立,*,*,五段・ラ行,連用タ接続,通る,トオッ,トーッ
た,助動詞,*,*,*,特殊・タ,基本形,た,タ,タ
暴れん,動詞,自立,*,*,一段,体言接続特殊,暴れる,アバレン,アバレン
棒,名詞,一般,*,*,*,*,棒,ボウ,ボー
時,名詞,接尾,副詞可能,*,*,*,時,ジ,ジ
に,助詞,格助詞,一般,*,*,*,に,ニ,ニ
甘えん坊,名詞,一般,*,*,*,*,甘えん坊,アマエンボウ,アマエンボー
起こす,動詞,自立,*,*,五段・サ行,基本形,起こす,オコス,オコス
また,副詞,助詞類接続,*,*,*,*,また,マタ,マタ
面倒,名詞,形容動詞語幹,*,*,*,*,面倒,メンドウ,メンドー
くり,動詞,自立,*,*,五段・ラ行,連用形,くる,クリ,クリ
返す,動詞,自立,*,*,五段・サ行,基本形,返す,カエス,カエス
間違い,名詞,ナイ形容詞語幹,*,*,*,*,間違い,マチガイ,マチガイ
の,助詞,連体化,*,*,*,*,の,ノ,ノ
八割,名詞,固有名詞,地域,一般,*,*,八割,ハチワリ,ハチワリ
は,助詞,係助詞,*,*,*,*,は,ハ,ワ
飲酒,名詞,サ変接続,*,*,*,*,飲酒,インシュ,インシュ
時,名詞,接尾,副詞可能,*,*,*,時,ジ,ジ
お前,名詞,代名詞,一般,*,*,*,お前,オマエ,オマエ
は,助詞,係助詞,*,*,*,*,は,ハ,ワ
本当に,副詞,一般,*,*,*,*,本当に,ホントウニ,ホントーニ
勃,名詞,一般,*,*,*,*,*
ち,動詞,自立,*,*,五段・ラ行,体言接続特殊２,ちる,チ,チ
悪,接頭詞,名詞接続,*,*,*,*,悪,アク,アク
りぃ,名詞,固有名詞,人名,一般,*,*,りぃ,リィ,リィ
ー,名詞,一般,*,*,*,*,*
A,名詞,一般,*,*,*,*,*
→,記号,一般,*,*,*,*,→,→,→
B,名詞,固有名詞,組織,*,*,*,*
→,記号,一般,*,*,*,*,→,→,→
C,名詞,一般,*,*,*,*,*
どころか,助詞,接続助詞,*,*,*,*,どころか,ドコロカ,ドコロカ
プチ,名詞,固有名詞,人名,一般,*,*,プチ,プチ,プチ
ED,名詞,固有名詞,一般,*,*,*,ED,イーディー,イーディー
平均値,名詞,固有名詞,一般,*,*,*,平均値,ヘイキンチ,ヘイキンチ
以下,名詞,非自立,副詞可能,*,*,*,以下,イカ,イカ
の,助詞,連体化,*,*,*,*,の,ノ,ノ
ヤル気,名詞,一般,*,*,*,*,やる気,ヤルキ,ヤルキ
に,助詞,格助詞,一般,*,*,*,に,ニ,ニ
討ち入り,名詞,一般,*,*,*,*,討ち入り,ウチイリ,ウチイリ
向かう,動詞,自立,*,*,五段・ワ行促音便,基本形,向かう,ムカウ,ムカウ
診療所,名詞,固有名詞,一般,*,*,*,診療所,シンリョウジョ,シンリョージョ
求める,動詞,自立,*,*,一段,基本形,求める,モトメル,モトメル
MANZOKU,名詞,一般,*,*,*,*,*
カーテン,名詞,一般,*,*,*,*,カーテン,カーテン,カーテン
の,助詞,連体化,*,*,*,*,の,ノ,ノ
奥,名詞,一般,*,*,*,*,奥,オク,オク
に,助詞,格助詞,一般,*,*,*,に,ニ,ニ
女医,名詞,一般,*,*,*,*,女医,ジョイ,ジョイ
さん,名詞,接尾,人名,*,*,*,さん,サン,サン
と,助詞,格助詞,一般,*,*,*,と,ト,ト
看護婦,名詞,一般,*,*,*,*,看護婦,カンゴフ,カンゴフ
「,記号,括弧開,*,*,*,*,「,「,「
今日,名詞,副詞可能,*,*,*,*,今日,キョウ,キョー
は,助詞,係助詞,*,*,*,*,は,ハ,ワ
どう,副詞,助詞類接続,*,*,*,*,どう,ドウ,ドー
し,動詞,自立,*,*,サ変・スル,連用形,する,シ,シ
た,助動詞,*,*,*,特殊・タ,基本形,た,タ,タ
の,助詞,終助詞,*,*,*,*,の,ノ,ノ
?」,記号,一般,*,*,*,*,*
熱っぽい,形容詞,自立,*,*,形容詞・アウオ段,基本形,熱っぽい,ネツッポイ,ネツッポイ
ん,名詞,非自立,一般,*,*,*,ん,ン,ン
です,助動詞,*,*,*,特殊・デス,基本形,です,デス,デス
。,記号,句点,*,*,*,*,。,。,。
ウチ,名詞,一般,*,*,*,*,ウチ,ウチ,ウチ
の,助詞,連体化,*,*,*,*,の,ノ,ノ
子,接頭詞,名詞接続,*,*,*,*,子,コ,コ
通称,名詞,一般,*,*,*,*,通称,ツウショウ,ツーショー
ツチノコ,名詞,固有名詞,一般,*,*,*,ツチノコ,ツチノコ,ツチノコ
近づく,動詞,自立,*,*,五段・カ行イ音便,基本形,近づく,チカヅク,チカズク
口元,名詞,一般,*,*,*,*,口元,クチモト,クチモト
舌,名詞,一般,*,*,*,*,舌,シタ,シタ
包み,名詞,一般,*,*,*,*,包み,ツツミ,ツツミ
コンボ,名詞,一般,*,*,*,*,コンボ,コンボ,コンボ
で,助詞,格助詞,一般,*,*,*,で,デ,デ
↑,記号,一般,*,*,*,*,↑,↑,↑
↑,記号,一般,*,*,*,*,↑,↑,↑
↓,記号,一般,*,*,*,*,↓,↓,↓
↓,記号,一般,*,*,*,*,↓,↓,↓
クネクネ,名詞,固有名詞,一般,*,*,*,クネクネ,クネクネ,クネクネ
じらし,動詞,自立,*,*,五段・サ行,連用形,じらす,ジラシ,ジラシ
た,助動詞,*,*,*,特殊・タ,基本形,た,タ,タ
マウス,名詞,一般,*,*,*,*,マウス,マウス,マウス
で,助詞,格助詞,一般,*,*,*,で,デ,デ
W,名詞,一般,*,*,*,*,*
クリック,名詞,一般,*,*,*,*,クリック,クリック,クリック
開く,動詞,自立,*,*,五段・カ行イ音便,基本形,開く,ヒラク,ヒラク
世界,名詞,一般,*,*,*,*,世界,セカイ,セカイ
は,助詞,係助詞,*,*,*,*,は,ハ,ワ
大切,名詞,形容動詞語幹,*,*,*,*,大切,タイセツ,タイセツ
な,助動詞,*,*,*,特殊・ダ,体言接続,だ,ナ,ナ
形,名詞,一般,*,*,*,*,形,カタチ,カタチ
ピンク,名詞,一般,*,*,*,*,ピンク,ピンク,ピンク
に,助詞,格助詞,一般,*,*,*,に,ニ,ニ
染まる,動詞,自立,*,*,五段・ラ行,基本形,染まる,ソマル,ソマル
「,記号,括弧開,*,*,*,*,「,「,「
部屋,名詞,一般,*,*,*,*,部屋,ヘヤ,ヘヤ
と,助詞,並立助詞,*,*,*,*,と,ト,ト
Y,名詞,固有名詞,組織,*,*,*,*
セツ,名詞,固有名詞,一般,*,*,*,セツ,セツ,セツ
な,助動詞,*,*,*,特殊・ダ,体言接続,だ,ナ,ナ
私,名詞,代名詞,一般,*,*,*,私,ワタシ,ワタシ
」,記号,括弧閉,*,*,*,*,」,」,」
俺,名詞,代名詞,一般,*,*,*,俺,オレ,オレ
も,助詞,係助詞,*,*,*,*,も,モ,モ
反省,名詞,サ変接続,*,*,*,*,反省,ハンセイ,ハンセイ
親,名詞,一般,*,*,*,*,親,オヤ,オヤ
も,助詞,係助詞,*,*,*,*,も,モ,モ
反省,名詞,サ変接続,*,*,*,*,反省,ハンセイ,ハンセイ
壊れ,動詞,自立,*,*,一段,連用形,壊れる,コワレ,コワレ
た,助動詞,*,*,*,特殊・タ,基本形,た,タ,タ
家庭,名詞,一般,*,*,*,*,家庭,カテイ,カテイ
一緒に,名詞,固有名詞,一般,*,*,*,一緒に,イッショニ,イッショニ
再生,名詞,サ変接続,*,*,*,*,再生,サイセイ,サイセイ
今,名詞,副詞可能,*,*,*,*,今,イマ,イマ
なら,助動詞,*,*,*,特殊・ダ,仮定形,だ,ナラ,ナラ
どんな,連体詞,*,*,*,*,*,どんな,ドンナ,ドンナ
過去,名詞,副詞可能,*,*,*,*,過去,カコ,カコ
も,助詞,係助詞,*,*,*,*,も,モ,モ
愛せる,動詞,自立,*,*,一段,基本形,愛せる,アイセル,アイセル
復縁,名詞,サ変接続,*,*,*,*,復縁,フクエン,フクエン
し,動詞,自立,*,*,サ変・スル,連用形,する,シ,シ
た,助動詞,*,*,*,特殊・タ,基本形,た,タ,タ
二人,名詞,一般,*,*,*,*,二人,フタリ,フタリ
孫,名詞,一般,*,*,*,*,孫,マゴ,マゴ
を,助詞,格助詞,一般,*,*,*,を,ヲ,ヲ
抱い,動詞,自立,*,*,五段・カ行イ音便,連用タ接続,抱く,ダイ,ダイ
てる,動詞,非自立,*,*,一段,基本形,てる,テル,テル
枯れる,動詞,自立,*,*,一段,基本形,枯れる,カレル,カレル
くらい,助詞,副助詞,*,*,*,*,くらい,クライ,クライ
に,助詞,格助詞,一般,*,*,*,に,ニ,ニ
泣かせ,動詞,自立,*,*,一段,連用形,泣かせる,ナカセ,ナカセ
て,助詞,接続助詞,*,*,*,*,て,テ,テ
ごめん,感動詞,*,*,*,*,*,ごめん,ゴメン,ゴメン
そこら,副詞,一般,*,*,*,*,そこら,ソコラ,ソコラ
中,接頭詞,名詞接続,*,*,*,*,中,チュウ,チュー
頭,名詞,一般,*,*,*,*,頭,アタマ,アタマ
下げ,動詞,自立,*,*,一段,未然形,下げる,サゲ,サゲ
させ,動詞,接尾,*,*,一段,連用形,させる,サセ,サセ
て,助詞,接続助詞,*,*,*,*,て,テ,テ
ごめん,感動詞,*,*,*,*,*,ごめん,ゴメン,ゴメン
息子,名詞,一般,*,*,*,*,息子,ムスコ,ムスコ
の,助詞,連体化,*,*,*,*,の,ノ,ノ
面会,名詞,サ変接続,*,*,*,*,面会,メンカイ,メンカイ
って,助詞,格助詞,連語,*,*,*,って,ッテ,ッテ
どんな,連体詞,*,*,*,*,*,どんな,ドンナ,ドンナ
気持ち,名詞,一般,*,*,*,*,気持ち,キモチ,キモチ
？,記号,一般,*,*,*,*,？,？,？
その,連体詞,*,*,*,*,*,その,ソノ,ソノ
帰り道,名詞,一般,*,*,*,*,帰り道,カエリミチ,カエリミチ
は,助詞,係助詞,*,*,*,*,は,ハ,ワ
どんな,連体詞,*,*,*,*,*,どんな,ドンナ,ドンナ
気持ち,名詞,一般,*,*,*,*,気持ち,キモチ,キモチ
結局,名詞,副詞可能,*,*,*,*,結局,ケッキョク,ケッキョク
自分,名詞,一般,*,*,*,*,自分,ジブン,ジブン
の,助詞,連体化,*,*,*,*,の,ノ,ノ
せい,名詞,非自立,一般,*,*,*,せい,セイ,セイ
親,名詞,一般,*,*,*,*,親,オヤ,オヤ
だって,助詞,副助詞,*,*,*,*,だって,ダッテ,ダッテ
完璧,名詞,形容動詞語幹,*,*,*,*,完璧,カンペキ,カンペキ
じゃ,助詞,副助詞,*,*,*,*,じゃ,ジャ,ジャ
ない,助動詞,*,*,*,特殊・ナイ,基本形,ない,ナイ,ナイ
人間,名詞,一般,*,*,*,*,人間,ニンゲン,ニンゲン
恨ん,動詞,自立,*,*,五段・マ行,連用タ接続,恨む,ウラン,ウラン
じゃ,助詞,接続助詞,*,*,*,*,じゃ,ジャ,ジャ
ない,形容詞,自立,*,*,形容詞・アウオ段,基本形,ない,ナイ,ナイ
ありがとう,感動詞,*,*,*,*,*,ありがとう,アリガトウ,アリガトー
が,助詞,格助詞,一般,*,*,*,が,ガ,ガ
言い,動詞,自立,*,*,五段・ワ行促音便,連用形,言う,イイ,イイ
て,助詞,接続助詞,*,*,*,*,て,テ,テ
ー,名詞,固有名詞,一般,*,*,*,*
危,名詞,一般,*,*,*,*,*
ねー,助詞,終助詞,*,*,*,*,ねー,ネー,ネー
あやうく,形容詞,自立,*,*,形容詞・アウオ段,連用テ接続,あやうい,アヤウク,アヤウク
まとも,名詞,形容動詞語幹,*,*,*,*,まとも,マトモ,マトモ
な,助動詞,*,*,*,特殊・ダ,体言接続,だ,ナ,ナ
人生,名詞,一般,*,*,*,*,人生,ジンセイ,ジンセイ
Yo!,名詞,固有名詞,一般,*,*,*,Yo!,ィヨウ,ィヨー
アトミック,名詞,固有名詞,一般,*,*,*,ATOMIC,アトミック,アトミック
城第,名詞,固有名詞,人名,姓,*,*,城第,ジョウダイ,ジョウダイ
三,名詞,数,*,*,*,*,三,サン,サン
の,助詞,連体化,*,*,*,*,の,ノ,ノ
刺客,名詞,一般,*,*,*,*,刺客,シカク,シカク
丑三つ時,名詞,固有名詞,一般,*,*,*,丑三つ時,ウシミツドキ,ウシミツドキ
第,接頭詞,数接続,*,*,*,*,第,ダイ,ダイ
三,名詞,数,*,*,*,*,三,サン,サン
の,助詞,連体化,*,*,*,*,の,ノ,ノ
目,名詞,一般,*,*,*,*,目,メ,メ
が,助詞,格助詞,一般,*,*,*,が,ガ,ガ
開く,動詞,自立,*,*,五段・カ行イ音便,基本形,開く,ヒラク,ヒラク
命,名詞,一般,*,*,*,*,命,イノチ,イノチ
さえ,助詞,係助詞,*,*,*,*,さえ,サエ,サエ
懸ける,動詞,自立,*,*,一段,基本形,懸ける,カケル,カケル
平成,名詞,固有名詞,一般,*,*,*,平成,ヘイセイ,ヘイセイ
の,助詞,連体化,*,*,*,*,の,ノ,ノ
忍,名詞,一般,*,*,*,*,忍,ニン,ニン
世,名詞,一般,*,*,*,*,世,ヨ,ヨ
の,助詞,連体化,*,*,*,*,の,ノ,ノ
悪,名詞,一般,*,*,*,*,悪,アク,アク
に,助詞,格助詞,一般,*,*,*,に,ニ,ニ
睨み,動詞,自立,*,*,五段・マ行,連用形,睨む,ニラミ,ニラミ
きかす,動詞,自立,*,*,五段・サ行,基本形,きかす,キカス,キカス
ジロリ,副詞,一般,*,*,*,*,ジロリ,ジロリ,ジロリ
瞬,名詞,固有名詞,人名,名,*,*,瞬,マドカ,マドカ
殺,動詞,自立,*,*,五段・ラ行,体言接続特殊２,殺る,ヤ,ヤ
まばたき,名詞,サ変接続,*,*,*,*,瞬き,マバタキ,マバタキ
まで,助詞,副助詞,*,*,*,*,まで,マデ,マデ
の,助詞,連体化,*,*,*,*,の,ノ,ノ
瞬間,名詞,副詞可能,*,*,*,*,瞬間,シュンカン,シュンカン
懐,名詞,一般,*,*,*,*,懐,フトコロ,フトコロ
に,助詞,格助詞,一般,*,*,*,に,ニ,ニ
マイク,名詞,一般,*,*,*,*,マイク,マイク,マイク
影の軍団,名詞,固有名詞,一般,*,*,*,影の軍団,カゲノグンダン,カゲノグンダン
童子-T,名詞,固有名詞,人名,一般,*,*,童子-T,ディーオーエイチゼットアイティー,ディーオーエイチゼットアイティー
そして,接続詞,*,*,*,*,*,そして,ソシテ,ソシテ
UZI,名詞,固有名詞,人名,一般,*,*,UZI,ウヂ,ウジ
と,助詞,並立助詞,*,*,*,*,と,ト,ト
KG,名詞,固有名詞,人名,一般,*,*,KG,ケイジー,ケイジー
鍛え,動詞,自立,*,*,一段,連用形,鍛える,キタエ,キタエ
抜か,動詞,非自立,*,*,五段・カ行イ音便,未然形,抜く,ヌカ,ヌカ
れ,動詞,接尾,*,*,一段,連用形,れる,レ,レ
た,助動詞,*,*,*,特殊・タ,基本形,た,タ,タ
韻,名詞,一般,*,*,*,*,韻,イン,イン
術,名詞,接尾,一般,*,*,*,術,ジュツ,ジュツ
の,助詞,連体化,*,*,*,*,の,ノ,ノ
名人,名詞,一般,*,*,*,*,名人,メイジン,メイジン
その,連体詞,*,*,*,*,*,その,ソノ,ソノ
ヤバ,名詞,一般,*,*,*,*,*
さまる,名詞,固有名詞,人名,一般,*,*,さまる,サマル,サマル
で,助詞,格助詞,一般,*,*,*,で,デ,デ
服部半蔵,名詞,固有名詞,人名,一般,*,*,服部半蔵,ハットリハンゾウ,ハットリハンゾー
ABC,名詞,固有名詞,一般,*,*,*,ABC,エィビィシィ,エィビィシィ
UBG,名詞,固有名詞,一般,*,*,*,UBG,ユービージー,ユービージー
ガッポリ,副詞,一般,*,*,*,*,ガッポリ,ガッポリ,ガッポリ
繁盛,名詞,サ変接続,*,*,*,*,繁盛,ハンジョウ,ハンジョー
その,連体詞,*,*,*,*,*,その,ソノ,ソノ
ヤバ,名詞,一般,*,*,*,*,*
さまる,名詞,固有名詞,人名,一般,*,*,さまる,サマル,サマル
で,助詞,格助詞,一般,*,*,*,で,デ,デ
猿飛佐助,名詞,固有名詞,人名,一般,*,*,猿飛佐助,サルトビサスケ,サルトビサスケ
YO,名詞,固有名詞,組織,*,*,*,*
YO,名詞,一般,*,*,*,*,*
YO,名詞,一般,*,*,*,*,*
やる,動詞,自立,*,*,五段・ラ行,基本形,やる,ヤル,ヤル
とき,名詞,非自立,副詞可能,*,*,*,とき,トキ,トキ
やる,動詞,自立,*,*,五段・ラ行,基本形,やる,ヤル,ヤル
ぜ,助詞,終助詞,*,*,*,*,ぜ,ゼ,ゼ
悪党,名詞,一般,*,*,*,*,悪党,アクトウ,アクトー
が,助詞,格助詞,一般,*,*,*,が,ガ,ガ
笑顔,名詞,一般,*,*,*,*,笑顔,エガオ,エガオ
善人,名詞,一般,*,*,*,*,善人,ゼンニン,ゼンニン
の,助詞,連体化,*,*,*,*,の,ノ,ノ
ふり,名詞,非自立,一般,*,*,*,ふり,フリ,フリ
で,助詞,格助詞,一般,*,*,*,で,デ,デ
虚言,名詞,一般,*,*,*,*,虚言,キョゲン,キョゲン
野郎,名詞,一般,*,*,*,*,野郎,ヤロウ,ヤロー
に,助詞,格助詞,一般,*,*,*,に,ニ,ニ
投げる,動詞,自立,*,*,一段,基本形,投げる,ナゲル,ナゲル
手裏剣,名詞,一般,*,*,*,*,手裏剣,シュリケン,シュリケン
闇夜,名詞,一般,*,*,*,*,闇夜,ヤミヨ,ヤミヨ
息,名詞,サ変接続,*,*,*,*,息,イキ,イキ
潜め,動詞,自立,*,*,一段,連用形,潜める,ヒソメ,ヒソメ
近付き,名詞,一般,*,*,*,*,近付き,チカヅキ,チカズキ
暗殺,名詞,サ変接続,*,*,*,*,暗殺,アンサツ,アンサツ
照らす,動詞,自立,*,*,五段・サ行,基本形,照らす,テラス,テラス
三日月,名詞,一般,*,*,*,*,三日月,ミカヅキ,ミカズキ
外れ,動詞,自立,*,*,一段,連用形,外れる,ハズレ,ハズレ
た,助動詞,*,*,*,特殊・タ,基本形,た,タ,タ
ネジ,名詞,一般,*,*,*,*,ネジ,ネジ,ネジ
を,助詞,格助詞,一般,*,*,*,を,ヲ,ヲ
金,名詞,一般,*,*,*,*,金,キン,キン
に,助詞,格助詞,一般,*,*,*,に,ニ,ニ
変え,動詞,自立,*,*,一段,連用形,変える,カエ,カエ
て,助詞,接続助詞,*,*,*,*,て,テ,テ
く,動詞,非自立,*,*,五段・カ行促音便,基本形,く,ク,ク
テクニック,名詞,一般,*,*,*,*,テクニック,テクニック,テクニック
なら,助動詞,*,*,*,特殊・ダ,仮定形,だ,ナラ,ナラ
圧倒的,名詞,形容動詞語幹,*,*,*,*,圧倒的,アットウテキ,アットーテキ
上級,名詞,一般,*,*,*,*,上級,ジョウキュウ,ジョーキュー
者,名詞,接尾,一般,*,*,*,者,シャ,シャ
テクニックス,名詞,一般,*,*,*,*,*
を,助詞,格助詞,一般,*,*,*,を,ヲ,ヲ
回す,動詞,自立,*,*,五段・サ行,基本形,回す,マワス,マワス
やつ,名詞,代名詞,一般,*,*,*,やつ,ヤツ,ヤツ
みたい,名詞,非自立,形容動詞語幹,*,*,*,みたい,ミタイ,ミタイ
だ,助動詞,*,*,*,特殊・ダ,基本形,だ,ダ,ダ
ストリート,名詞,一般,*,*,*,*,ストリート,ストリート,ストリート
に,助詞,格助詞,一般,*,*,*,に,ニ,ニ
音符,名詞,一般,*,*,*,*,音符,オンプ,オンプ
を,助詞,格助詞,一般,*,*,*,を,ヲ,ヲ
降らす,動詞,自立,*,*,五段・サ行,基本形,降らす,フラス,フラス
オレ,名詞,代名詞,一般,*,*,*,オレ,オレ,オレ
等,名詞,接尾,一般,*,*,*,等,トウ,トー
ストレス,名詞,一般,*,*,*,*,ストレス,ストレス,ストレス
から,助詞,格助詞,一般,*,*,*,から,カラ,カラ
生まれる,動詞,自立,*,*,一段,基本形,生まれる,ウマレル,ウマレル
Money,名詞,一般,*,*,*,*,*
and,名詞,固有名詞,人名,一般,*,*,AND,アンド,アンド
power,名詞,固有名詞,組織,*,*,*,*
　,記号,空白,*,*,*,*,　,　,　
Ah,名詞,固有名詞,組織,*,*,*,*
yeah,名詞,一般,*,*,*,*,*
掴み,動詞,自立,*,*,五段・マ行,連用形,掴む,ツカミ,ツカミ
取る,動詞,自立,*,*,五段・ラ行,基本形,取る,トル,トル
運,名詞,一般,*,*,*,*,運,ウン,ウン
と,助詞,並立助詞,*,*,*,*,と,ト,ト
タイミング,名詞,一般,*,*,*,*,タイミング,タイミング,タイミング
って,助詞,格助詞,連語,*,*,*,って,ッテ,ッテ
言っ,動詞,自立,*,*,五段・ワ行促音便,連用タ接続,言う,イッ,イッ
て,動詞,非自立,*,*,一段,連用形,てる,テ,テ
た,助動詞,*,*,*,特殊・タ,基本形,た,タ,タ
先生,名詞,一般,*,*,*,*,先生,センセイ,センセイ
間違い,名詞,ナイ形容詞語幹,*,*,*,*,間違い,マチガイ,マチガイ
ない,助動詞,*,*,*,特殊・ナイ,基本形,ない,ナイ,ナイ
Ah,名詞,一般,*,*,*,*,*
yeah,名詞,固有名詞,組織,*,*,*,*
オレ,名詞,代名詞,一般,*,*,*,オレ,オレ,オレ
達,名詞,接尾,一般,*,*,*,達,タチ,タチ
は,助詞,係助詞,*,*,*,*,は,ハ,ワ
どこ,名詞,代名詞,一般,*,*,*,どこ,ドコ,ドコ
まで,助詞,副助詞,*,*,*,*,まで,マデ,マデ
いける,動詞,自立,*,*,一段,基本形,いける,イケル,イケル
か,助詞,副助詞／並立助詞／終助詞,*,*,*,*,か,カ,カ
試し,動詞,自立,*,*,五段・サ行,連用形,試す,タメシ,タメシ
たい,助動詞,*,*,*,特殊・タイ,基本形,たい,タイ,タイ
だけ,助詞,副助詞,*,*,*,*,だけ,ダケ,ダケ
の,名詞,非自立,一般,*,*,*,の,ノ,ノ
だ,助動詞,*,*,*,特殊・ダ,基本形,だ,ダ,ダ
だ,助動詞,*,*,*,特殊・ダ,基本形,だ,ダ,ダ
バカ,名詞,一般,*,*,*,*,バカ,バカ,バカ
で,助詞,格助詞,一般,*,*,*,で,デ,デ
ぃ,名詞,一般,*,*,*,*,*
深夜,名詞,副詞可能,*,*,*,*,深夜,シンヤ,シンヤ
徘徊,名詞,サ変接続,*,*,*,*,徘徊,ハイカイ,ハイカイ
の,助詞,連体化,*,*,*,*,の,ノ,ノ
余韻,名詞,一般,*,*,*,*,余韻,ヨイン,ヨイン
浸る,動詞,自立,*,*,五段・ラ行,基本形,浸る,ヒタル,ヒタル
暇,名詞,一般,*,*,*,*,暇,ヒマ,ヒマ
なく,形容詞,自立,*,*,形容詞・アウオ段,連用テ接続,ない,ナク,ナク
school,名詞,一般,*,*,*,*,*
going,名詞,一般,*,*,*,*,*
楽しみ,動詞,自立,*,*,五段・マ行,連用形,楽しむ,タノシミ,タノシミ
方,名詞,接尾,特殊,*,*,*,方,カタ,カタ
自由自在,名詞,形容動詞語幹,*,*,*,*,自由自在,ジユウジザイ,ジユージザイ
兎,名詞,一般,*,*,*,*,兎,ウサギ,ウサギ
と,助詞,格助詞,引用,*,*,*,と,ト,ト
群れ,動詞,自立,*,*,一段,連用形,群れる,ムレ,ムレ
たい,助動詞,*,*,*,特殊・タイ,基本形,たい,タイ,タイ
龍,名詞,一般,*,*,*,*,龍,リュウ,リュー
みたい,名詞,非自立,形容動詞語幹,*,*,*,みたい,ミタイ,ミタイ
いたっ,動詞,自立,*,*,五段・ラ行,連用タ接続,いたる,イタッ,イタッ
て,助詞,接続助詞,*,*,*,*,て,テ,テ
普通,名詞,形容動詞語幹,*,*,*,*,普通,フツウ,フツー
の,助詞,連体化,*,*,*,*,の,ノ,ノ
平凡,名詞,形容動詞語幹,*,*,*,*,平凡,ヘイボン,ヘイボン
な,助動詞,*,*,*,特殊・ダ,体言接続,だ,ナ,ナ
高校,名詞,一般,*,*,*,*,高校,コウコウ,コーコー
だ,助動詞,*,*,*,特殊・ダ,基本形,だ,ダ,ダ
から,助詞,接続助詞,*,*,*,*,から,カラ,カラ
知ら,動詞,自立,*,*,五段・ラ行,未然形,知る,シラ,シラ
ない,助動詞,*,*,*,特殊・ナイ,基本形,ない,ナイ,ナイ
ね,助詞,終助詞,*,*,*,*,ね,ネ,ネ
私,名詞,代名詞,一般,*,*,*,私,ワタシ,ワタシ
の,助詞,連体化,*,*,*,*,の,ノ,ノ
本当,名詞,一般,*,*,*,*,本当,ホントウ,ホントー
思っ,動詞,自立,*,*,五段・ワ行促音便,連用タ接続,思う,オモッ,オモッ
た,助動詞,*,*,*,特殊・タ,基本形,た,タ,タ
こと,名詞,非自立,一般,*,*,*,こと,コト,コト
の,助詞,格助詞,一般,*,*,*,の,ノ,ノ
ない,形容詞,自立,*,*,形容詞・アウオ段,基本形,ない,ナイ,ナイ
展開,名詞,サ変接続,*,*,*,*,展開,テンカイ,テンカイ
だ,助動詞,*,*,*,特殊・ダ,基本形,だ,ダ,ダ
な,助詞,終助詞,*,*,*,*,な,ナ,ナ
でも,接続詞,*,*,*,*,*,でも,デモ,デモ
お前,名詞,代名詞,一般,*,*,*,お前,オマエ,オマエ
は,助詞,係助詞,*,*,*,*,は,ハ,ワ
俺,名詞,代名詞,一般,*,*,*,俺,オレ,オレ
は,助詞,係助詞,*,*,*,*,は,ハ,ワ
天才,名詞,一般,*,*,*,*,天才,テンサイ,テンサイ
肌,名詞,一般,*,*,*,*,肌,ハダ,ハダ
見せつける,動詞,自立,*,*,一段,基本形,見せつける,ミセツケル,ミセツケル
ここ,名詞,代名詞,一般,*,*,*,ここ,ココ,ココ
は,助詞,係助詞,*,*,*,*,は,ハ,ワ
玄界灘,名詞,固有名詞,一般,*,*,*,玄界灘,ゲンカイナダ,ゲンカイナダ
の,助詞,連体化,*,*,*,*,の,ノ,ノ
よう,名詞,非自立,助動詞語幹,*,*,*,よう,ヨウ,ヨー
に,助詞,副詞化,*,*,*,*,に,ニ,ニ
渦潮,名詞,一般,*,*,*,*,渦潮,ウズシオ,ウズシオ
流れ,動詞,自立,*,*,一段,連用形,流れる,ナガレ,ナガレ
てる,動詞,非自立,*,*,一段,基本形,てる,テル,テル
から,助詞,接続助詞,*,*,*,*,から,カラ,カラ
安く,形容詞,自立,*,*,形容詞・アウオ段,連用テ接続,安い,ヤスク,ヤスク
ない,助動詞,*,*,*,特殊・ナイ,基本形,ない,ナイ,ナイ
言葉,名詞,一般,*,*,*,*,言葉,コトバ,コトバ
叩き,名詞,一般,*,*,*,*,叩き,ハタキ,ハタキ
売り,動詞,自立,*,*,五段・ラ行,連用形,売る,ウリ,ウリ
お前,名詞,代名詞,一般,*,*,*,お前,オマエ,オマエ
は,助詞,係助詞,*,*,*,*,は,ハ,ワ
すぐ,副詞,助詞類接続,*,*,*,*,すぐ,スグ,スグ
に,助詞,副詞化,*,*,*,*,に,ニ,ニ
脱い,動詞,自立,*,*,五段・ガ行,連用タ接続,脱ぐ,ヌイ,ヌイ
じゃ,助詞,接続助詞,*,*,*,*,じゃ,ジャ,ジャ
うな,名詞,一般,*,*,*,*,ウナ,ウナ,ウナ
安達祐実,名詞,固有名詞,人名,一般,*,*,安達祐実,アダチユミ,アダチユミ
みたい,名詞,非自立,形容動詞語幹,*,*,*,みたい,ミタイ,ミタイ
な,助動詞,*,*,*,特殊・ダ,体言接続,だ,ナ,ナ
もん,名詞,非自立,一般,*,*,*,もん,モン,モン
だ,助動詞,*,*,*,特殊・ダ,基本形,だ,ダ,ダ
よ,助詞,終助詞,*,*,*,*,よ,ヨ,ヨ
それとも,接続詞,*,*,*,*,*,それとも,ソレトモ,ソレトモ
荒井由実,名詞,固有名詞,人名,一般,*,*,荒井由実,アライユミ,アライユミ
俺,名詞,代名詞,一般,*,*,*,俺,オレ,オレ
の,助詞,連体化,*,*,*,*,の,ノ,ノ
ユーミンリリカルセンス,名詞,一般,*,*,*,*,*
を,助詞,格助詞,一般,*,*,*,を,ヲ,ヲ
見せる,動詞,自立,*,*,一段,基本形,見せる,ミセル,ミセル
金貸し,名詞,一般,*,*,*,*,金貸し,カネカシ,カネカシ
つける,動詞,自立,*,*,一段,基本形,つける,ツケル,ツケル
萬田銀次郎,名詞,固有名詞,人名,一般,*,*,萬田銀次郎,マンダギンジロウ,マンダギンジロー
夢,名詞,一般,*,*,*,*,夢,ユメ,ユメ
が,助詞,格助詞,一般,*,*,*,が,ガ,ガ
あん,動詞,自立,*,*,五段・ラ行,体言接続特殊,ある,アン,アン
なら,助動詞,*,*,*,特殊・ダ,仮定形,だ,ナラ,ナラ
ば,助詞,接続助詞,*,*,*,*,ば,バ,バ
何,名詞,代名詞,一般,*,*,*,何,ナニ,ナニ
か,助詞,副助詞／並立助詞／終助詞,*,*,*,*,か,カ,カ
信じろ,動詞,自立,*,*,一段,命令ｒｏ,信じる,シンジロ,シンジロ
しかと,副詞,一般,*,*,*,*,しかと,シカト,シカト
見,動詞,自立,*,*,一段,連用形,見る,ミ,ミ
とき,名詞,非自立,副詞可能,*,*,*,とき,トキ,トキ
な,助動詞,*,*,*,特殊・ダ,体言接続,だ,ナ,ナ
格,名詞,一般,*,*,*,*,格,カク,カク
の,助詞,連体化,*,*,*,*,の,ノ,ノ
違い,名詞,ナイ形容詞語幹,*,*,*,*,違い,チガイ,チガイ
キッズ,名詞,固有名詞,人名,一般,*,*,KIDS,キッズ,キッズ
と,助詞,並立助詞,*,*,*,*,と,ト,ト
キング,名詞,一般,*,*,*,*,キング,キング,キング
の,助詞,連体化,*,*,*,*,の,ノ,ノ
箔,名詞,一般,*,*,*,*,箔,ハク,ハク
の,助詞,連体化,*,*,*,*,の,ノ,ノ
違い,名詞,ナイ形容詞語幹,*,*,*,*,違い,チガイ,チガイ
お前,名詞,代名詞,一般,*,*,*,お前,オマエ,オマエ
殺す,動詞,自立,*,*,五段・サ行,基本形,殺す,コロス,コロス
ぜ,助詞,終助詞,*,*,*,*,ぜ,ゼ,ゼ
覚悟,名詞,サ変接続,*,*,*,*,覚悟,カクゴ,カクゴ
しな,名詞,接尾,一般,*,*,*,しな,シナ,シナ
ここ,名詞,代名詞,一般,*,*,*,ここ,ココ,ココ
に,助詞,格助詞,一般,*,*,*,に,ニ,ニ
転がる,動詞,自立,*,*,五段・ラ行,基本形,転がる,コロガル,コロガル
カス,名詞,固有名詞,一般,*,*,*,カス,カス,カス
の,助詞,連体化,*,*,*,*,の,ノ,ノ
死体,名詞,一般,*,*,*,*,死体,シタイ,シタイ
東京タワー,名詞,一般,*,*,*,*,東京タワー,トウキョウタワー,トウキョウタワー
その真ん中,名詞,一般,*,*,*,*,その真ん中,ソノマンナカ,ソノマンナカ
EOS
""
